<?xml version="1.0" encoding="UTF-8"?><rss version="2.0"
	xmlns:content="http://purl.org/rss/1.0/modules/content/"
	xmlns:wfw="http://wellformedweb.org/CommentAPI/"
	xmlns:dc="http://purl.org/dc/elements/1.1/"
	xmlns:atom="http://www.w3.org/2005/Atom"
	xmlns:sy="http://purl.org/rss/1.0/modules/syndication/"
	xmlns:slash="http://purl.org/rss/1.0/modules/slash/"
	>

<channel>
	<title>MSU (MonoSodium Urate) | GoutPal&#039;s Gout Library</title>
	<atom:link href="/tag/msu-monosodium-urate/feed/" rel="self" type="application/rss+xml" />
	<link>/</link>
	<description>Gout and Uric Acid Knowledge</description>
	<lastBuildDate>Thu, 12 Nov 2020 13:30:17 +0000</lastBuildDate>
	<language>en-US</language>
	<sy:updatePeriod>
	hourly	</sy:updatePeriod>
	<sy:updateFrequency>
	1	</sy:updateFrequency>
	

<image>
	<url>/wp-content/uploads/2020/05/cropped-GoutPal-Library-Logo-media-1-32x32.png</url>
	<title>MSU (MonoSodium Urate) | GoutPal&#039;s Gout Library</title>
	<link>/</link>
	<width>32</width>
	<height>32</height>
</image> 
	<item>
		<title>Target Uric Acid Below 6 mg/dL</title>
		<link>/target-uric-acid-below-6-mg-dl/</link>
		
		<dc:creator><![CDATA[Keith Taylor]]></dc:creator>
		<pubDate>Fri, 26 Jun 2020 11:57:47 +0000</pubDate>
				<category><![CDATA[Gout and Uric Acid]]></category>
		<category><![CDATA[hyperuricemia]]></category>
		<category><![CDATA[MSU (MonoSodium Urate)]]></category>
		<category><![CDATA[sUA]]></category>
		<category><![CDATA[tophaceous]]></category>
		<category><![CDATA[tophus (plural = tophi)]]></category>
		<guid isPermaLink="false">/?p=171</guid>

					<description><![CDATA[Gout is progressive, debilitating, and dangerous. Unless uric acid is controlled. Normal uric acid can be too high. See why uric acid is only safe below 6 mg/dL.]]></description>
		
		
		
			</item>
		<item>
		<title>Normal Range of Uric Acid in Blood</title>
		<link>/normal-range-of-uric-acid-in-blood/</link>
		
		<dc:creator><![CDATA[Keith Taylor]]></dc:creator>
		<pubDate>Thu, 16 Jul 2020 07:10:18 +0000</pubDate>
				<category><![CDATA[Gout and Uric Acid]]></category>
		<category><![CDATA[cardiovascular]]></category>
		<category><![CDATA[hyperuricemia]]></category>
		<category><![CDATA[MSU (MonoSodium Urate)]]></category>
		<category><![CDATA[serum]]></category>
		<guid isPermaLink="false">/?p=195</guid>

					<description><![CDATA[References ranges are vital in gout management. As they control diagnosis and treatment. Is yours calculated badly? Get your Normal Range of Uric Acid in Blood.]]></description>
		
		
		
			</item>
		<item>
		<title>Assessing Gout Damage in Hands</title>
		<link>/assessing-gout-damage-in-hands/</link>
		
		<dc:creator><![CDATA[Keith Taylor]]></dc:creator>
		<pubDate>Wed, 27 May 2020 07:08:46 +0000</pubDate>
				<category><![CDATA[Gout and Uric Acid]]></category>
		<category><![CDATA[MSU (MonoSodium Urate)]]></category>
		<guid isPermaLink="false">/?p=107</guid>

					<description><![CDATA[Lumps of uric acid crystals can destroy  joints. These gouty tophi restrict movement. But can we measure how bad? Learn about assessing gout damage in hands.]]></description>
		
		
		
			</item>
	</channel>
</rss>
