<?xml version="1.0" encoding="UTF-8"?><rss version="2.0"
	xmlns:content="http://purl.org/rss/1.0/modules/content/"
	xmlns:wfw="http://wellformedweb.org/CommentAPI/"
	xmlns:dc="http://purl.org/dc/elements/1.1/"
	xmlns:atom="http://www.w3.org/2005/Atom"
	xmlns:sy="http://purl.org/rss/1.0/modules/syndication/"
	xmlns:slash="http://purl.org/rss/1.0/modules/slash/"
	>

<channel>
	<title>urate | GoutPal&#039;s Gout Library</title>
	<atom:link href="/tag/vocubulary-entry-urate/feed/" rel="self" type="application/rss+xml" />
	<link>/</link>
	<description>Gout and Uric Acid Knowledge</description>
	<lastBuildDate>Sun, 28 Jun 2020 09:40:05 +0000</lastBuildDate>
	<language>en-US</language>
	<sy:updatePeriod>
	hourly	</sy:updatePeriod>
	<sy:updateFrequency>
	1	</sy:updateFrequency>
	

<image>
	<url>/wp-content/uploads/2020/05/cropped-GoutPal-Library-Logo-media-1-32x32.png</url>
	<title>urate | GoutPal&#039;s Gout Library</title>
	<link>/</link>
	<width>32</width>
	<height>32</height>
</image> 
	<item>
		<title>2020 Gout Management Guideline</title>
		<link>/2020-gout-management-guideline/</link>
		
		<dc:creator><![CDATA[Keith Taylor]]></dc:creator>
		<pubDate>Fri, 05 Jun 2020 19:40:59 +0000</pubDate>
				<category><![CDATA[Gout and Uric Acid]]></category>
		<category><![CDATA[serum]]></category>
		<category><![CDATA[tophaceous]]></category>
		<category><![CDATA[ULT (Urate Lowering Therapy)]]></category>
		<category><![CDATA[urate]]></category>
		<guid isPermaLink="false">/?p=146</guid>

					<description><![CDATA[American College of Rheumatology (ACR) Gout Management Guidelines set the standard for patient care in the USA. Make sure your treatment agrees with 2020 rules.]]></description>
		
		
		
			</item>
		<item>
		<title>Gout Hand Images Compared</title>
		<link>/gout-hand-images-compared/</link>
		
		<dc:creator><![CDATA[Keith Taylor]]></dc:creator>
		<pubDate>Wed, 27 May 2020 09:53:44 +0000</pubDate>
				<category><![CDATA[Gout and Uric Acid]]></category>
		<category><![CDATA[urate]]></category>
		<guid isPermaLink="false">/?p=114</guid>

					<description><![CDATA[X-rays, ultrasound, MRI, CT, and DECT scans are all useful for gout diagnosis. But what about helping with uric acid treatment? See gout hand images compared.]]></description>
		
		
		
			</item>
		<item>
		<title>Gout Mismanagement</title>
		<link>/gout-mismanagement/</link>
		
		<dc:creator><![CDATA[Keith Taylor]]></dc:creator>
		<pubDate>Wed, 27 May 2020 13:53:56 +0000</pubDate>
				<category><![CDATA[Gout and Uric Acid]]></category>
		<category><![CDATA[urate]]></category>
		<guid isPermaLink="false">/?p=121</guid>

					<description><![CDATA[Who manages your gout treatment? See how most patients and doctors fail to manage gout properly. Gout Mismanagement shows where it's going wrong.]]></description>
		
		
		
			</item>
	</channel>
</rss>
