<?xml version="1.0" encoding="UTF-8"?><rss version="2.0"
	xmlns:content="http://purl.org/rss/1.0/modules/content/"
	xmlns:wfw="http://wellformedweb.org/CommentAPI/"
	xmlns:dc="http://purl.org/dc/elements/1.1/"
	xmlns:atom="http://www.w3.org/2005/Atom"
	xmlns:sy="http://purl.org/rss/1.0/modules/syndication/"
	xmlns:slash="http://purl.org/rss/1.0/modules/slash/"
	>

<channel>
	<title>GoutPal&#039;s Gout Library</title>
	<atom:link href="/feed/" rel="self" type="application/rss+xml" />
	<link>/</link>
	<description>Gout and Uric Acid Knowledge</description>
	<lastBuildDate>Thu, 14 Jan 2021 19:49:35 +0000</lastBuildDate>
	<language>en-US</language>
	<sy:updatePeriod>
	hourly	</sy:updatePeriod>
	<sy:updateFrequency>
	1	</sy:updateFrequency>
	

<image>
	<url>/wp-content/uploads/2020/05/cropped-GoutPal-Library-Logo-media-1-32x32.png</url>
	<title>GoutPal&#039;s Gout Library</title>
	<link>/</link>
	<width>32</width>
	<height>32</height>
</image> 
	<item>
		<title>Yogurt for Uric Acid Research</title>
		<link>/yogurt-for-uric-acid-research/</link>
		
		<dc:creator><![CDATA[Keith Taylor]]></dc:creator>
		<pubDate>Thu, 14 Jan 2021 19:49:33 +0000</pubDate>
				<category><![CDATA[Gout and Uric Acid]]></category>
		<guid isPermaLink="false">/?p=271</guid>

					<description><![CDATA[Yogurt is linked to lower uric acid. Yet studies don't include gout sufferers. See principles you can include in your diet. Read yogurt for uric acid research.]]></description>
		
		
		
			</item>
		<item>
		<title>Stevia &#038; Uric Acid Research</title>
		<link>/stevia-uric-acid-research/</link>
		
		<dc:creator><![CDATA[Keith Taylor]]></dc:creator>
		<pubDate>Wed, 16 Dec 2020 09:49:09 +0000</pubDate>
				<category><![CDATA[Gout and Uric Acid]]></category>
		<guid isPermaLink="false">/?p=264</guid>

					<description><![CDATA[Does stevia make gout worse? Good news - it reduces uric acid. Bad news - it is not tested on human gouty arthritis. Get Stevia &#038; Uric Acid Research facts now.]]></description>
		
		
		
			</item>
		<item>
		<title>Astaxanthin and Uric Acid Research</title>
		<link>/astaxanthin-and-uric-acid-research/</link>
		
		<dc:creator><![CDATA[Keith Taylor]]></dc:creator>
		<pubDate>Thu, 10 Dec 2020 14:00:47 +0000</pubDate>
				<category><![CDATA[Gout and Uric Acid]]></category>
		<guid isPermaLink="false">/?p=259</guid>

					<description><![CDATA[Many gout sufferers fear fish as a source of uric acid. Yet pink seafood appears to have a normalizing effect. Read the facts about astaxanthin and gout.]]></description>
		
		
		
			</item>
		<item>
		<title>Pumpkin, Squash, and Uric Acid Research</title>
		<link>/pumpkin-squash-and-uric-acid-research/</link>
		
		<dc:creator><![CDATA[Keith Taylor]]></dc:creator>
		<pubDate>Thu, 03 Dec 2020 21:26:25 +0000</pubDate>
				<category><![CDATA[Gout and Uric Acid]]></category>
		<guid isPermaLink="false">/?p=252</guid>

					<description><![CDATA[Gourds are a large family of vegetables. Sufferers ask if eating gourd is good or bad for gout? See latest research on pumpkin, squash, marrow, and uric acid.]]></description>
		
		
		
			</item>
		<item>
		<title>Uricase Medication with Methotrexate</title>
		<link>/uricase-medication-with-methotrexate/</link>
		
		<dc:creator><![CDATA[Keith Taylor]]></dc:creator>
		<pubDate>Thu, 12 Nov 2020 13:47:19 +0000</pubDate>
				<category><![CDATA[Gout and Uric Acid]]></category>
		<category><![CDATA[sUA]]></category>
		<category><![CDATA[tophus (plural = tophi)]]></category>
		<guid isPermaLink="false">/?p=241</guid>

					<description><![CDATA[Uricase medication is a fast-acting uric acid treatment. But most gout patients develop immunity to it. See how methotrexate makes pegloticase more effective.]]></description>
		
		
		
			</item>
		<item>
		<title>Target Uric Acid Below 6 mg/dL</title>
		<link>/target-uric-acid-below-6-mg-dl/</link>
		
		<dc:creator><![CDATA[Keith Taylor]]></dc:creator>
		<pubDate>Fri, 26 Jun 2020 11:57:47 +0000</pubDate>
				<category><![CDATA[Gout and Uric Acid]]></category>
		<category><![CDATA[hyperuricemia]]></category>
		<category><![CDATA[MSU (MonoSodium Urate)]]></category>
		<category><![CDATA[sUA]]></category>
		<category><![CDATA[tophaceous]]></category>
		<category><![CDATA[tophus (plural = tophi)]]></category>
		<guid isPermaLink="false">/?p=171</guid>

					<description><![CDATA[Gout is progressive, debilitating, and dangerous. Unless uric acid is controlled. Normal uric acid can be too high. See why uric acid is only safe below 6 mg/dL.]]></description>
		
		
		
			</item>
		<item>
		<title>Uric Acid Testing Smartphone</title>
		<link>/uric-acid-testing-smartphone/</link>
		
		<dc:creator><![CDATA[Keith Taylor]]></dc:creator>
		<pubDate>Tue, 10 Nov 2020 14:12:08 +0000</pubDate>
				<category><![CDATA[Gout and Uric Acid]]></category>
		<guid isPermaLink="false">/?p=232</guid>

					<description><![CDATA[Are you getting a uric acid test kit? How about a meter on your mobile? Instantly share results with doctors. See the latest uric acid testing smartphone.]]></description>
		
		
		
			</item>
		<item>
		<title>GoutPal Research in Progress</title>
		<link>/goutpal-research-in-progress/</link>
		
		<dc:creator><![CDATA[Keith Taylor]]></dc:creator>
		<pubDate>Fri, 24 Jul 2020 17:43:42 +0000</pubDate>
				<category><![CDATA[Gout and Uric Acid]]></category>
		<guid isPermaLink="false">/?p=213</guid>

					<description><![CDATA[These are the gout studies, uric acid investigations, and related resources that are missing from GoutPal pages. These might be from mentions in the gout forum. Or from references in pages on my main gout site. If you want me<a class="more-link" href="/goutpal-research-in-progress/">Continue reading... <span class="screen-reader-text">GoutPal Research in Progress</span></a>]]></description>
		
		
		
			</item>
		<item>
		<title>Normal Range of Uric Acid in Blood</title>
		<link>/normal-range-of-uric-acid-in-blood/</link>
		
		<dc:creator><![CDATA[Keith Taylor]]></dc:creator>
		<pubDate>Thu, 16 Jul 2020 07:10:18 +0000</pubDate>
				<category><![CDATA[Gout and Uric Acid]]></category>
		<category><![CDATA[cardiovascular]]></category>
		<category><![CDATA[hyperuricemia]]></category>
		<category><![CDATA[MSU (MonoSodium Urate)]]></category>
		<category><![CDATA[serum]]></category>
		<guid isPermaLink="false">/?p=195</guid>

					<description><![CDATA[References ranges are vital in gout management. As they control diagnosis and treatment. Is yours calculated badly? Get your Normal Range of Uric Acid in Blood.]]></description>
		
		
		
			</item>
		<item>
		<title>Gout &#038; Uric Acid Research in Progress</title>
		<link>/gout-uric-acid-research-in-progress/</link>
		
		<dc:creator><![CDATA[Keith Taylor]]></dc:creator>
		<pubDate>Fri, 05 Jun 2020 13:11:54 +0000</pubDate>
				<category><![CDATA[Gout and Uric Acid]]></category>
		<guid isPermaLink="false">/?p=142</guid>

					<description><![CDATA[These are the gout studies, uric acid investigations, and related resources that I am researching. At the moment, these are ideas for future articles that are in various stages of progress. If you want me to prioritize any articles, let<a class="more-link" href="/gout-uric-acid-research-in-progress/">Continue reading... <span class="screen-reader-text">Gout &#038; Uric Acid Research in Progress</span></a>]]></description>
		
		
		
			</item>
	</channel>
</rss>
